time, Potential energy, Kinetic energy, Total energy Total charge Total Momentum
0.00000000000000000e+00 1.49673115876419320e+01 2.97536553001891571e+03 2.99033284160655785e+03 -1.98439784070094902e+03 1.48532784432264431e+00
5.00000000000000028e-02 1.49244775031614676e+01 2.97540822125908016e+03 2.99033269876224176e+03 -1.98439784203553131e+03 1.48532784432264564e+00
1.00000000000000006e-01 1.47907457764881176e+01 2.97554167429547851e+03 2.99033242007196668e+03 -1.98439781752583167e+03 1.48532784432264453e+00
1.50000000000000022e-01 1.45693254473707583e+01 2.97576302038958784e+03 2.99033234583695867e+03 -1.98439782412752811e+03 1.48532784432264564e+00
2.00000000000000011e-01 1.42622671465584485e+01 2.97606982556047114e+03 2.99033209270702946e+03 -1.98439782306112670e+03 1.48532784432264497e+00
2.50000000000000000e-01 1.38730040281101950e+01 2.97645875320095092e+03 2.99033175722906117e+03 -1.98439782037395025e+03 1.48532784432264431e+00
2.99999999999999989e-01 1.34065972063518455e+01 2.97692469391593750e+03 2.99033129112228926e+03 -1.98439786163733743e+03 1.48532784432264453e+00
3.49999999999999978e-01 1.28699452298036512e+01 2.97746071906870839e+03 2.99033066429851215e+03 -1.98439781202841004e+03 1.48532784432264475e+00
3.99999999999999967e-01 1.22712995623472487e+01 2.97805890312416886e+03 2.99033020268651626e+03 -1.98439784282685741e+03 1.48532784432264475e+00
4.49999999999999956e-01 1.16182525366467821e+01 2.97871138517876079e+03 2.99032963771540744e+03 -1.98439781980499401e+03 1.48532784432264475e+00
4.99999999999999944e-01 1.09192465898242776e+01 2.97940970668358568e+03 2.99032895327340975e+03 -1.98439783518053810e+03 1.48532784432264431e+00
5.49999999999999933e-01 1.01840570850561249e+01 2.98014426330364222e+03 2.99032832038869856e+03 -1.98439790447351061e+03 1.48532784432264475e+00
5.99999999999999978e-01 9.42213529203894673e+00 2.98090556375134202e+03 2.99032769904338102e+03 -1.98439784995851687e+03 1.48532784432264453e+00
6.50000000000000022e-01 8.64280436379311823e+00 2.98168424232487769e+03 2.99032704668867063e+03 -1.98439781057679738e+03 1.48532784432264431e+00
7.00000000000000067e-01 7.85577611174029222e+00 2.98247065257592385e+03 2.99032642868766425e+03 -1.98439781459173309e+03 1.48532784432264520e+00
7.50000000000000111e-01 7.07047788450193160e+00 2.98325533754495245e+03 2.99032581542945445e+03 -1.98439785295626166e+03 1.48532784432264453e+00
8.00000000000000155e-01 6.29627977581376719e+00 2.98402891544770864e+03 2.99032519522352231e+03 -1.98439780569717595e+03 1.48532784432264431e+00
8.50000000000000200e-01 5.54235314009291802e+00 2.98478230894809303e+03 2.99032466208818596e+03 -1.98439785376497366e+03 1.48532784432264431e+00
9.00000000000000244e-01 4.81735377267943576e+00 2.98550672456655866e+03 2.99032407833923799e+03 -1.98439786830237972e+03 1.48532784432264542e+00
9.50000000000000289e-01 4.12951865953614217e+00 2.98619427176557610e+03 2.99032379042511229e+03 -1.98439785013375331e+03 1.48532784432264497e+00
1.00000000000000022e+00 3.48496240260107060e+00 2.98683834266764006e+03 2.99032330507024108e+03 -1.98439783407026380e+03 1.48532784432264364e+00
1.05000000000000027e+00 2.89042186051437566e+00 2.98743254070251623e+03 2.99032296256303061e+03 -1.98439782730098068e+03 1.48532784432264475e+00
1.10000000000000031e+00 2.35154406646650527e+00 2.98797121605781103e+03 2.99032276012427747e+03 -1.98439779585829729e+03 1.48532784432264520e+00
1.15000000000000036e+00 1.87243968608486822e+00 2.98845005907698760e+03 2.99032249876307242e+03 -1.98439784633853151e+03 1.48532784432264497e+00
1.20000000000000040e+00 1.45692449513667999e+00 2.98886554595128337e+03 2.99032247044642008e+03 -1.98439790039049967e+03 1.48532784432264475e+00
1.25000000000000044e+00 1.10720645497054404e+00 2.98921509963021981e+03 2.99032230608519058e+03 -1.98439787765558890e+03 1.48532784432264453e+00
1.30000000000000049e+00 8.25001023801341660e-01 2.98949751601091839e+03 2.99032251703471957e+03 -1.98439784561224906e+03 1.48532784432264475e+00
1.35000000000000053e+00 6.09442599305728860e-01 2.98971312007429151e+03 2.99032256267359708e+03 -1.98439781974793823e+03 1.48532784432264475e+00
1.40000000000000058e+00 4.59984692087871128e-01 2.98986278582753948e+03 2.99032277051962728e+03 -1.98439786803583866e+03 1.48532784432264520e+00
1.45000000000000062e+00 3.74595615203138332e-01 2.98994853203008961e+03 2.99032312764529297e+03 -1.98439795916214007e+03 1.48532784432264453e+00
1.50000000000000067e+00 3.49700266207586707e-01 2.98997366296913060e+03 2.99032336323533809e+03 -1.98439784301478448e+03 1.48532784432264520e+00
1.55000000000000071e+00 3.82035288040901977e-01 2.98994167356613934e+03 2.99032370885418004e+03 -1.98439785311367041e+03 1.48532784432264520e+00
1.60000000000000075e+00 4.67322418692354080e-01 2.98985692059516441e+03 2.99032424301385663e+03 -1.98439779164395986e+03 1.48532784432264520e+00
1.65000000000000080e+00 5.99329486718947591e-01 2.98972536580971291e+03 2.99032469529643186e+03 -1.98439779433950798e+03 1.48532784432264453e+00
1.70000000000000084e+00 7.72126369790648082e-01 2.98955305079288246e+03 2.99032517716267330e+03 -1.98439785877356053e+03 1.48532784432264475e+00
1.75000000000000089e+00 9.79511355556737073e-01 2.98934623528252087e+03 2.99032574663807782e+03 -1.98439786780586383e+03 1.48532784432264475e+00
1.80000000000000093e+00 1.21453920098499113e+00 2.98911158416106582e+03 2.99032612336205102e+03 -1.98439786542687671e+03 1.48532784432264431e+00
1.85000000000000098e+00 1.47148740203319139e+00 2.98885520390240163e+03 2.99032669130443492e+03 -1.98439781676445864e+03 1.48532784432264475e+00
1.90000000000000102e+00 1.74341891538183824e+00 2.98858380428041619e+03 2.99032722319579807e+03 -1.98439791094878547e+03 1.48532784432264453e+00
1.95000000000000107e+00 2.02293192925026455e+00 2.98830487598797481e+03 2.99032780791722507e+03 -1.98439786184597915e+03 1.48532784432264475e+00
2.00000000000000089e+00 2.30306931140346061e+00 2.98802500576666534e+03 2.99032807507806865e+03 -1.98439784034057902e+03 1.48532784432264431e+00
2.05000000000000071e+00 2.57909612912710662e+00 2.98774948279298496e+03 2.99032857892211223e+03 -1.98439783206237689e+03 1.48532784432264520e+00
2.10000000000000053e+00 2.84455247251851784e+00 2.98748458612157492e+03 2.99032913859409337e+03 -1.98439788817381555e+03 1.48532784432264564e+00
2.15000000000000036e+00 3.09253531517677960e+00 2.98723690364277354e+03 2.99032943895795052e+03 -1.98439785119696808e+03 1.48532784432264542e+00
2.20000000000000018e+00 3.31830962741785296e+00 2.98701146728359436e+03 2.99032977691101223e+03 -1.98439781908911482e+03 1.48532784432264497e+00
2.25000000000000000e+00 3.51758689959484183e+00 2.98681244791392874e+03 2.99033003481352353e+03 -1.98439787341984425e+03 1.48532784432264475e+00
2.29999999999999982e+00 3.68658325252229346e+00 2.98664366947163035e+03 2.99033025272415261e+03 -1.98439786950302141e+03 1.48532784432264497e+00
2.34999999999999964e+00 3.82214636754602255e+00 2.98650827592803080e+03 2.99033042229557668e+03 -1.98439783330347154e+03 1.48532784432264497e+00
2.39999999999999947e+00 3.92239375394578982e+00 2.98640798446527197e+03 2.99033037821921789e+03 -1.98439783220151980e+03 1.48532784432264497e+00
2.44999999999999929e+00 3.98678138157303508e+00 2.98634369503158132e+03 2.99033047641315443e+03 -1.98439789679054797e+03 1.48532784432264475e+00
2.49999999999999911e+00 4.01440836929782385e+00 2.98631605004828407e+03 2.99033045841758167e+03 -1.98439779700312465e+03 1.48532784432264475e+00
2.54999999999999893e+00 4.00541769303712147e+00 2.98632505352253702e+03 2.99033047121557411e+03 -1.98439787089940228e+03 1.48532784432264520e+00
2.59999999999999876e+00 3.95996474449534208e+00 2.98637034881696536e+03 2.99033031356146057e+03 -1.98439787311355417e+03 1.48532784432264497e+00
2.64999999999999858e+00 3.87983230097030996e+00 2.98645028900794296e+03 2.99033012130891348e+03 -1.98439785439975412e+03 1.48532784432264564e+00
2.69999999999999840e+00 3.76732317370693304e+00 2.98656266091652151e+03 2.99032998409022866e+03 -1.98439784971824952e+03 1.48532784432264520e+00
2.74999999999999822e+00 3.62444128455815884e+00 2.98670529814822748e+03 2.99032973943278557e+03 -1.98439779097461133e+03 1.48532784432264520e+00
2.79999999999999805e+00 3.45470760365903962e+00 2.98687469506535854e+03 2.99032940266901778e+03 -1.98439789435915600e+03 1.48532784432264497e+00
2.84999999999999787e+00 3.26220910792631491e+00 2.98706690313241506e+03 2.99032911224034160e+03 -1.98439787926409008e+03 1.48532784432264520e+00
2.89999999999999769e+00 3.05098588571713991e+00 2.98727784550340584e+03 2.99032883138912302e+03 -1.98439790537845488e+03 1.48532784432264608e+00
2.94999999999999751e+00 2.82500530795318916e+00 2.98750357724410605e+03 2.99032858255205929e+03 -1.98439791787589456e+03 1.48532784432264586e+00
2.99999999999999734e+00 2.58803539348561795e+00 2.98774013608061614e+03 2.99032817147410196e+03 -1.98439783872428984e+03 1.48532784432264520e+00
3.04999999999999716e+00 2.34494729823095049e+00 2.98798300934798090e+03 2.99032795664621199e+03 -1.98439783575568390e+03 1.48532784432264520e+00
3.09999999999999698e+00 2.09994130734651163e+00 2.98822743629513343e+03 2.99032737760247983e+03 -1.98439775666723813e+03 1.48532784432264564e+00
3.14999999999999680e+00 1.85918421449237092e+00 2.98846790966006165e+03 2.99032709387455407e+03 -1.98439786723486304e+03 1.48532784432264564e+00
3.19999999999999662e+00 1.62718001125638212e+00 2.98869974168827503e+03 2.99032692169953134e+03 -1.98439778223983740e+03 1.48532784432264564e+00
3.24999999999999645e+00 1.40681998885868453e+00 2.98891993936093877e+03 2.99032675934979761e+03 -1.98439786850923224e+03 1.48532784432264542e+00
3.29999999999999627e+00 1.20059290627661208e+00 2.98912595434684863e+03 2.99032654725312523e+03 -1.98439787697706129e+03 1.48532784432264520e+00
3.34999999999999609e+00 1.01156277238412984e+00 2.98931470556439945e+03 2.99032626833678341e+03 -1.98439780558955340e+03 1.48532784432264653e+00
3.39999999999999591e+00 8.43238616320968748e-01 2.98948292229339131e+03 2.99032616090971214e+03 -1.98439779873278871e+03 1.48532784432264608e+00
3.44999999999999574e+00 6.97951905385754134e-01 2.98962804519100746e+03 2.99032599709639317e+03 -1.98439786194901399e+03 1.48532784432264542e+00
3.49999999999999556e+00 5.77177378494759585e-01 2.98974890345064341e+03 2.99032608082913839e+03 -1.98439783003225739e+03 1.48532784432264542e+00
3.54999999999999538e+00 4.81280890029669450e-01 2.98984458401465417e+03 2.99032586490468384e+03 -1.98439783788135924e+03 1.48532784432264564e+00
3.59999999999999520e+00 4.11916908357278733e-01 2.98991412638909014e+03 2.99032604329744754e+03 -1.98439780166489118e+03 1.48532784432264564e+00
3.64999999999999503e+00 3.68105955347681868e-01 2.98995789975105799e+03 2.99032600570640579e+03 -1.98439782949588357e+03 1.48532784432264564e+00
3.69999999999999485e+00 3.49834633152818320e-01 2.98997622818691343e+03 2.99032606282006645e+03 -1.98439784710981849e+03 1.48532784432264497e+00
3.74999999999999467e+00 3.56707578276738269e-01 2.98996934402031184e+03 2.99032605159858849e+03 -1.98439783528852604e+03 1.48532784432264564e+00
3.79999999999999449e+00 3.88393583378651819e-01 2.98993781750067501e+03 2.99032621108405374e+03 -1.98439781157045945e+03 1.48532784432264564e+00
3.84999999999999432e+00 4.43394398229170372e-01 2.98988301193111511e+03 2.99032640632934408e+03 -1.98439781537339377e+03 1.48532784432264608e+00
3.89999999999999414e+00 5.19068487860052108e-01 2.98980755326815961e+03 2.99032662175601945e+03 -1.98439787346985236e+03 1.48532784432264542e+00
3.94999999999999396e+00 6.12690085372820548e-01 2.98971418147503300e+03 2.99032687156040583e+03 -1.98439777064968348e+03 1.48532784432264586e+00
3.99999999999999378e+00 7.20946037210185575e-01 2.98960620450331317e+03 2.99032715054052323e+03 -1.98439789965446062e+03 1.48532784432264608e+00
4.04999999999999361e+00 8.40249110955858303e-01 2.98948707634268430e+03 2.99032732545364024e+03 -1.98439786492593339e+03 1.48532784432264564e+00
4.09999999999999343e+00 9.67923321667388259e-01 2.98935967739077842e+03 2.99032760071244593e+03 -1.98439785612306218e+03 1.48532784432264564e+00
4.14999999999999325e+00 1.10096247175836037e+00 2.98922671618095592e+03 2.99032767865271444e+03 -1.98439789699506673e+03 1.48532784432264564e+00
4.19999999999999307e+00 1.23736105022458576e+00 2.98909061546024805e+03 2.99032797651047258e+03 -1.98439784629694782e+03 1.48532784432264542e+00
4.24999999999999289e+00 1.37372988688828745e+00 2.98895450938800832e+03 2.99032823927489653e+03 -1.98439781120026055e+03 1.48532784432264542e+00
4.29999999999999272e+00 1.50628709488371881e+00 2.98882227797979476e+03 2.99032856507467841e+03 -1.98439786130390507e+03 1.48532784432264497e+00
4.34999999999999254e+00 1.63131629374377751e+00 2.98869734725966191e+03 2.99032866355340548e+03 -1.98439783130146702e+03 1.48532784432264564e+00
4.39999999999999236e+00 1.74691580973399918e+00 2.98858183690559645e+03 2.99032875271533067e+03 -1.98439792270254566e+03 1.48532784432264586e+00
4.44999999999999218e+00 1.85176841928023839e+00 2.98847717959589045e+03 2.99032894801517068e+03 -1.98439779705995920e+03 1.48532784432264542e+00
4.49999999999999201e+00 1.94358019799562842e+00 2.98838548257116508e+03 2.99032906276916083e+03 -1.98439787223185749e+03 1.48532784432264586e+00
4.54999999999999183e+00 2.02021734844822953e+00 2.98830910564339047e+03 2.99032932299183858e+03 -1.98439784263047432e+03 1.48532784432264564e+00
4.59999999999999165e+00 2.07919023452624518e+00 2.98825008510395583e+03 2.99032927533848215e+03 -1.98439790292219141e+03 1.48532784432264631e+00
4.64999999999999147e+00 2.12046456425498864e+00 2.98820874213540674e+03 2.99032920669966188e+03 -1.98439780613541984e+03 1.48532784432264586e+00
4.69999999999999130e+00 2.14479034001217483e+00 2.98818443614771422e+03 2.99032922648772637e+03 -1.98439782986241471e+03 1.48532784432264564e+00
4.74999999999999112e+00 2.15149898106590021e+00 2.98817781920201787e+03 2.99032931818308361e+03 -1.98439786106350903e+03 1.48532784432264564e+00
4.79999999999999094e+00 2.14031857935299641e+00 2.98818877310145490e+03 2.99032909168080778e+03 -1.98439780492457817e+03 1.48532784432264608e+00
4.84999999999999076e+00 2.11293468336686585e+00 2.98821632120344930e+03 2.99032925588681610e+03 -1.98439779710011521e+03 1.48532784432264675e+00
4.89999999999999059e+00 2.06849604048681313e+00 2.98826060889236032e+03 2.99032910493284726e+03 -1.98439792966177629e+03 1.48532784432264608e+00
4.94999999999999041e+00 2.00806911473380190e+00 2.98832096039202133e+03 2.99032902950675498e+03 -1.98439788549537184e+03 1.48532784432264564e+00
4.99999999999999023e+00 1.93323472170746591e+00 2.98839565618580309e+03 2.99032889090751041e+03 -1.98439789272543089e+03 1.48532784432264520e+00
5.04999999999999005e+00 1.84574905172061365e+00 2.98848303632494344e+03 2.99032878537666420e+03 -1.98439786519704899e+03 1.48532784432264586e+00
5.09999999999998987e+00 1.74708252706926204e+00 2.98858146854778897e+03 2.99032855107485830e+03 -1.98439786758402215e+03 1.48532784432264564e+00
5.14999999999998970e+00 1.64001363882367146e+00 2.98868834434215705e+03 2.99032835798098085e+03 -1.98439786956394846e+03 1.48532784432264564e+00
5.19999999999998952e+00 1.52686610047783300e+00 2.98880153692100430e+03 2.99032840302148225e+03 -1.98439786067463547e+03 1.48532784432264520e+00
5.24999999999998934e+00 1.40846353415161918e+00 2.98891960941412526e+03 2.99032807294827671e+03 -1.98439782000205219e+03 1.48532784432264520e+00
5.29999999999998916e+00 1.28807124822498720e+00 2.98903982215414953e+03 2.99032789340237468e+03 -1.98439784997897186e+03 1.48532784432264542e+00
5.34999999999998899e+00 1.16821498129220447e+00 2.98915965629951825e+03 2.99032787128081054e+03 -1.98439788957581345e+03 1.48532784432264564e+00
5.39999999999998881e+00 1.05014522611556793e+00 2.98927749708818010e+03 2.99032764231429564e+03 -1.98439787697481006e+03 1.48532784432264564e+00
5.44999999999998863e+00 9.36205315092126678e-01 2.98939131060367754e+03 2.99032751591876968e+03 -1.98439773661900654e+03 1.48532784432264586e+00
5.49999999999998845e+00 8.28421268043930681e-01 2.98949894786622508e+03 2.99032736913426879e+03 -1.98439786633587255e+03 1.48532784432264608e+00
5.54999999999998828e+00 7.28942886868759521e-01 2.98959826541494203e+03 2.99032720830181097e+03 -1.98439781919965708e+03 1.48532784432264542e+00
5.59999999999998810e+00 6.39654128853371695e-01 2.98968751503543126e+03 2.99032716916428444e+03 -1.98439790374818085e+03 1.48532784432264520e+00
5.64999999999998792e+00 5.61437479171300713e-01 2.98976564519502472e+03 2.99032708267419594e+03 -1.98439782535196878e+03 1.48532784432264520e+00
5.69999999999998774e+00 4.95508366082640928e-01 2.98983152689834060e+03 2.99032703526442310e+03 -1.98439784985105280e+03 1.48532784432264564e+00
5.74999999999998757e+00 4.42517592242148261e-01 2.98988457272761389e+03 2.99032709031985587e+03 -1.98439784683947391e+03 1.48532784432264564e+00
5.79999999999998739e+00 4.02008578414487616e-01 2.98992517187082467e+03 2.99032718044923922e+03 -1.98439783620175285e+03 1.48532784432264520e+00
5.84999999999998721e+00 3.73292143457753078e-01 2.98995373439099649e+03 2.99032702653445403e+03 -1.98439779906395393e+03 1.48532784432264542e+00
5.89999999999998703e+00 3.57723498484765146e-01 2.98996932979139228e+03 2.99032705328987686e+03 -1.98439781944418064e+03 1.48532784432264564e+00
5.94999999999998685e+00 3.55262153747629483e-01 2.98997185756006184e+03 2.99032711971380968e+03 -1.98439783539646714e+03 1.48532784432264564e+00
5.99999999999998668e+00 3.65002842127487681e-01 2.98996217164519931e+03 2.99032717448732683e+03 -1.98439791996895246e+03 1.48532784432264564e+00
6.04999999999998650e+00 3.86068347002244849e-01 2.98994130654256332e+03 2.99032737488956536e+03 -1.98439784013436702e+03 1.48532784432264520e+00
6.09999999999998632e+00 4.16427553846733689e-01 2.98991098650635604e+03 2.99032741406020295e+03 -1.98439787883738200e+03 1.48532784432264564e+00
6.14999999999998614e+00 4.55556468563409145e-01 2.98987175926491636e+03 2.99032731573347974e+03 -1.98439789406986483e+03 1.48532784432264564e+00
6.19999999999998597e+00 5.03833821228283241e-01 2.98982374256256435e+03 2.99032757638379280e+03 -1.98439783453278460e+03 1.48532784432264475e+00
6.24999999999998579e+00 5.58997850459575396e-01 2.98976863424532712e+03 2.99032763209578661e+03 -1.98439783340012627e+03 1.48532784432264542e+00
6.29999999999998561e+00 6.19720269574955629e-01 2.98970803596005408e+03 2.99032775622962890e+03 -1.98439781889182768e+03 1.48532784432264564e+00
6.34999999999998543e+00 6.84407766608646884e-01 2.98964357794318312e+03 2.99032798570979185e+03 -1.98439786307961845e+03 1.48532784432264475e+00
6.39999999999998526e+00 7.50533672375148786e-01 2.98957750741425161e+03 2.99032804108662685e+03 -1.98439789835883857e+03 1.48532784432264520e+00
6.44999999999998508e+00 8.16590561660480385e-01 2.98951164272737014e+03 2.99032823328903078e+03 -1.98439789603021836e+03 1.48532784432264542e+00
6.49999999999998490e+00 8.80775014194773220e-01 2.98944746140661755e+03 2.99032823642081212e+03 -1.98439783889436103e+03 1.48532784432264497e+00
6.54999999999998472e+00 9.42359237267726635e-01 2.98938596725734442e+03 2.99032832649461216e+03 -1.98439783530588102e+03 1.48532784432264520e+00
6.59999999999998455e+00 1.00043068648125155e+00 2.98932793565876455e+03 2.99032836634524574e+03 -1.98439784002630677e+03 1.48532784432264475e+00
6.64999999999998437e+00 1.05442619530007820e+00 2.98927400587469447e+03 2.99032843206999451e+03 -1.98439787183814997e+03 1.48532784432264564e+00
6.69999999999998419e+00 1.10293407981671510e+00 2.98922575200085657e+03 2.99032868608067338e+03 -1.98439788511352072e+03 1.48532784432264497e+00
6.74999999999998401e+00 1.14354093500696630e+00 2.98918514328051697e+03 2.99032868421552394e+03 -1.98439785328937069e+03 1.48532784432264586e+00
6.79999999999998384e+00 1.17579678600861692e+00 2.98915284323146352e+03 2.99032864001747203e+03 -1.98439789700907454e+03 1.48532784432264520e+00
6.84999999999998366e+00 1.20028727378207445e+00 2.98912826667897389e+03 2.99032855395275601e+03 -1.98439786031228323e+03 1.48532784432264497e+00
6.89999999999998348e+00 1.21746088738080105e+00 2.98911123756370807e+03 2.99032869845108871e+03 -1.98439779369497001e+03 1.48532784432264520e+00
6.94999999999998330e+00 1.22587831865050512e+00 2.98910298027018416e+03 2.99032885858883446e+03 -1.98439781986124262e+03 1.48532784432264475e+00
6.99999999999998312e+00 1.22423951122432895e+00 2.98910441411570810e+03 2.99032865362693246e+03 -1.98439785092026887e+03 1.48532784432264475e+00
7.04999999999998295e+00 1.21411884053206420e+00 2.98911449584597904e+03 2.99032861468651117e+03 -1.98439784311550193e+03 1.48532784432264542e+00
7.09999999999998277e+00 1.19635418786705205e+00 2.98913226798334608e+03 2.99032862217121328e+03 -1.98439792718942726e+03 1.48532784432264520e+00
7.14999999999998259e+00 1.17098922984636822e+00 2.98915760433949072e+03 2.99032859356933704e+03 -1.98439779965853018e+03 1.48532784432264475e+00
7.19999999999998241e+00 1.13814820430704433e+00 2.98919052989375814e+03 2.99032867809806521e+03 -1.98439784057414226e+03 1.48532784432264497e+00
7.24999999999998224e+00 1.09743637530583693e+00 2.98923108557655723e+03 2.99032852195186297e+03 -1.98439786383445607e+03 1.48532784432264520e+00
7.29999999999998206e+00 1.05046850746112996e+00 2.98927789564589420e+03 2.99032836415335532e+03 -1.98439780656211451e+03 1.48532784432264520e+00
7.34999999999998188e+00 9.99247642726892038e-01 2.98932903528578709e+03 2.99032828292851400e+03 -1.98439789924909064e+03 1.48532784432264431e+00
7.39999999999998170e+00 9.44804242935393002e-01 2.98938344176210012e+03 2.99032824600503545e+03 -1.98439791020014309e+03 1.48532784432264497e+00
7.44999999999998153e+00 8.87860649488661169e-01 2.98944029719364971e+03 2.99032815784313834e+03 -1.98439783505865762e+03 1.48532784432264475e+00
7.49999999999998135e+00 8.29497872714275886e-01 2.98949860390777849e+03 2.99032810178049294e+03 -1.98439785580119838e+03 1.48532784432264453e+00
7.54999999999998117e+00 7.70511883901644157e-01 2.98955753235370958e+03 2.99032804423761127e+03 -1.98439784265083699e+03 1.48532784432264409e+00
7.59999999999998099e+00 7.11865391018647098e-01 2.98961605698149742e+03 2.99032792237251624e+03 -1.98439788884458926e+03 1.48532784432264475e+00
7.64999999999998082e+00 6.55014597800240961e-01 2.98967281286616799e+03 2.99032782746396833e+03 -1.98439782574940659e+03 1.48532784432264409e+00
7.69999999999998064e+00 6.01100787824324634e-01 2.98972673108263825e+03 2.99032783187046243e+03 -1.98439783683033556e+03 1.48532784432264475e+00
7.74999999999998046e+00 5.50372323005341335e-01 2.98977741201991330e+03 2.99032778434291868e+03 -1.98439780090438671e+03 1.48532784432264475e+00
7.79999999999998028e+00 5.03669741494368606e-01 2.98982398627203202e+03 2.99032765601352639e+03 -1.98439785747634232e+03 1.48532784432264520e+00
7.84999999999998010e+00 4.62318212204241130e-01 2.98986531403256686e+03 2.99032763224477094e+03 -1.98439780226248467e+03 1.48532784432264453e+00
7.89999999999997993e+00 4.26899968018210507e-01 2.98990068129530164e+03 2.99032758126331964e+03 -1.98439779145417106e+03 1.48532784432264453e+00
7.94999999999997975e+00 3.97924239115435896e-01 2.98992971440068595e+03 2.99032763863980153e+03 -1.98439788252849917e+03 1.48532784432264475e+00
7.99999999999997957e+00 3.75288847207779219e-01 2.98995224811558001e+03 2.99032753696278769e+03 -1.98439790908457280e+03 1.48532784432264453e+00
8.04999999999997939e+00 3.59568173474679287e-01 2.98996806360657592e+03 2.99032763178005052e+03 -1.98439786439781801e+03 1.48532784432264409e+00
8.09999999999998010e+00 3.49987433466487197e-01 2.98997772588401949e+03 2.99032771331748609e+03 -1.98439789701012296e+03 1.48532784432264386e+00
8.14999999999998082e+00 3.45767527171546019e-01 2.98998183854373428e+03 2.99032760607090586e+03 -1.98439783167721725e+03 1.48532784432264497e+00
8.19999999999998153e+00 3.47728731560033588e-01 2.98997988042881889e+03 2.99032760916037887e+03 -1.98439786619582424e+03 1.48532784432264453e+00
8.24999999999998224e+00 3.56056937728109368e-01 2.98997160989324675e+03 2.99032766683097498e+03 -1.98439783559891885e+03 1.48532784432264453e+00
8.29999999999998295e+00 3.70200358122006412e-01 2.98995750582951405e+03 2.99032770618763607e+03 -1.98439781111341244e+03 1.48532784432264475e+00
8.34999999999998366e+00 3.89485698376407619e-01 2.98993832529621977e+03 2.99032781099459635e+03 -1.98439787846922627e+03 1.48532784432264520e+00
8.39999999999998437e+00 4.13257370401343638e-01 2.98991443046519498e+03 2.99032768783559641e+03 -1.98439786261942709e+03 1.48532784432264431e+00
8.44999999999998508e+00 4.41958619814926568e-01 2.98988582612909522e+03 2.99032778474891029e+03 -1.98439784995372997e+03 1.48532784432264431e+00
8.49999999999998579e+00 4.74507003910360992e-01 2.98985347254803173e+03 2.99032797955194201e+03 -1.98439775923035177e+03 1.48532784432264520e+00
8.54999999999998650e+00 5.08741799008352036e-01 2.98981941678613566e+03 2.99032815858514414e+03 -1.98439783316974308e+03 1.48532784432264453e+00
8.59999999999998721e+00 5.42664968381127322e-01 2.98978549947660667e+03 2.99032816444498758e+03 -1.98439785512069375e+03 1.48532784432264475e+00
8.64999999999998792e+00 5.75771691660117435e-01 2.98975240900739163e+03 2.99032818069905170e+03 -1.98439791217274865e+03 1.48532784432264453e+00
8.69999999999998863e+00 6.07896587472720573e-01 2.98972026713950345e+03 2.99032816372697607e+03 -1.98439780526320783e+03 1.48532784432264475e+00
8.74999999999998934e+00 6.39129666151409204e-01 2.98968911782343912e+03 2.99032824748959047e+03 -1.98439794252774868e+03 1.48532784432264475e+00
8.79999999999999005e+00 6.68508481043892933e-01 2.98965983325535308e+03 2.99032834173639685e+03 -1.98439788363472599e+03 1.48532784432264453e+00
8.84999999999999076e+00 6.95033287664284183e-01 2.98963321282421703e+03 2.99032824611188153e+03 -1.98439789952545311e+03 1.48532784432264431e+00
8.89999999999999147e+00 7.19239336462489165e-01 2.98960908850585656e+03 2.99032832784231914e+03 -1.98439788678970240e+03 1.48532784432264364e+00
8.94999999999999218e+00 7.40486760653126574e-01 2.98958788745330548e+03 2.99032837421395880e+03 -1.98439784006089121e+03 1.48532784432264431e+00
8.99999999999999289e+00 7.57831399017297014e-01 2.98957069416764898e+03 2.99032852556666649e+03 -1.98439786678077326e+03 1.48532784432264431e+00
9.04999999999999361e+00 7.70129687786228367e-01 2.98955824220609702e+03 2.99032837189388329e+03 -1.98439779263515811e+03 1.48532784432264409e+00
9.09999999999999432e+00 7.78333555635080998e-01 2.98955009717890061e+03 2.99032843073453569e+03 -1.98439782578883978e+03 1.48532784432264431e+00
9.14999999999999503e+00 7.81966402624913237e-01 2.98954657066454047e+03 2.99032853706716560e+03 -1.98439788690710748e+03 1.48532784432264431e+00
9.19999999999999574e+00 7.80464631742263548e-01 2.98954783222713013e+03 2.99032829685887236e+03 -1.98439785910847650e+03 1.48532784432264386e+00
9.24999999999999645e+00 7.75710639692933634e-01 2.98955263207918779e+03 2.99032834271888078e+03 -1.98439789645665815e+03 1.48532784432264453e+00
9.29999999999999716e+00 7.67408781837601417e-01 2.98956101081680117e+03 2.99032841959863890e+03 -1.98439786359553614e+03 1.48532784432264520e+00
9.34999999999999787e+00 7.54885236665555959e-01 2.98957351229074538e+03 2.99032839752741074e+03 -1.98439784058638793e+03 1.48532784432264453e+00
9.39999999999999858e+00 7.38466461462228052e-01 2.98958989250582135e+03 2.99032835896728375e+03 -1.98439778272501735e+03 1.48532784432264497e+00
9.44999999999999929e+00 7.18540572960140733e-01 2.98960977583076010e+03 2.99032831640372024e+03 -1.98439782280342388e+03 1.48532784432264409e+00
9.50000000000000000e+00 6.95706870088481755e-01 2.98963252334937624e+03 2.99032823021946479e+03 -1.98439790694422049e+03 1.48532784432264453e+00
9.55000000000000071e+00 6.71077238872324844e-01 2.98965705177097425e+03 2.99032812900984663e+03 -1.98439785424817023e+03 1.48532784432264409e+00
9.60000000000000142e+00 6.45727582287315083e-01 2.98968236834291793e+03 2.99032809592520516e+03 -1.98439782788517323e+03 1.48532784432264542e+00
9.65000000000000213e+00 6.20083841394210022e-01 2.98970812122682310e+03 2.99032820506821736e+03 -1.98439783518953323e+03 1.48532784432264520e+00
9.70000000000000284e+00 5.93138575589263639e-01 2.98973513320006168e+03 2.99032827177565105e+03 -1.98439789219220347e+03 1.48532784432264475e+00
9.75000000000000355e+00 5.64193873632806486e-01 2.98976399220989242e+03 2.99032818608352545e+03 -1.98439783542438613e+03 1.48532784432264386e+00
9.80000000000000426e+00 5.34215525330053675e-01 2.98979386264543564e+03 2.99032807817076582e+03 -1.98439787089569450e+03 1.48532784432264431e+00
9.85000000000000497e+00 5.04600290198558232e-01 2.98982336184879614e+03 2.99032796213899474e+03 -1.98439779679344156e+03 1.48532784432264409e+00
9.90000000000000568e+00 4.76828297064437689e-01 2.98985103873146636e+03 2.99032786702853082e+03 -1.98439791706647406e+03 1.48532784432264431e+00
9.95000000000000639e+00 4.51780756319832666e-01 2.98987618491983631e+03 2.99032796567615605e+03 -1.98439785771242032e+03 1.48532784432264409e+00
1.00000000000000071e+01 4.28822633705140399e-01 2.98989917498666409e+03 2.99032799762036939e+03 -1.98439789662610792e+03 1.48532784432264431e+00
1.00500000000000078e+01 4.07707698044381561e-01 2.98992012252308268e+03 2.99032783022112699e+03 -1.98439782271573449e+03 1.48532784432264475e+00
1.01000000000000085e+01 3.89776240346465297e-01 2.98993813734109244e+03 2.99032791358143913e+03 -1.98439783439162579e+03 1.48532784432264475e+00
1.01500000000000092e+01 3.74886344540438621e-01 2.98995302609676037e+03 2.99032791244130067e+03 -1.98439788425148640e+03 1.48532784432264475e+00
1.02000000000000099e+01 3.63009825303229394e-01 2.98996479813247061e+03 2.99032780795777398e+03 -1.98439789442243887e+03 1.48532784432264520e+00
1.02500000000000107e+01 3.55143276351700121e-01 2.98997266808488439e+03 2.99032781136123594e+03 -1.98439780480280206e+03 1.48532784432264431e+00
1.03000000000000114e+01 3.51031043955070177e-01 2.98997693334194810e+03 2.99032796438590321e+03 -1.98439781408130534e+03 1.48532784432264431e+00
1.03500000000000121e+01 3.49664406941218253e-01 2.98997814618185566e+03 2.99032781058879709e+03 -1.98439785254366734e+03 1.48532784432264453e+00
1.04000000000000128e+01 3.52084463633058231e-01 2.98997580613132959e+03 2.99032789059496281e+03 -1.98439786391400162e+03 1.48532784432264431e+00
1.04500000000000135e+01 3.57575220384533987e-01 2.98997041733728929e+03 2.99032799255767395e+03 -1.98439788495606854e+03 1.48532784432264386e+00
1.05000000000000142e+01 3.65046606167322818e-01 2.98996288529356571e+03 2.99032793189973290e+03 -1.98439781429074310e+03 1.48532784432264431e+00
1.05500000000000149e+01 3.75010070232921155e-01 2.98995297535887585e+03 2.99032798542910859e+03 -1.98439779858683391e+03 1.48532784432264453e+00
1.06000000000000156e+01 3.86953624297653398e-01 2.98994110897448400e+03 2.99032806259878180e+03 -1.98439784140568418e+03 1.48532784432264431e+00
1.06500000000000163e+01 3.99971526269037925e-01 2.98992804238062945e+03 2.99032801390689838e+03 -1.98439784623044306e+03 1.48532784432264409e+00
1.07000000000000171e+01 4.14283136577508371e-01 2.98991377748028299e+03 2.99032806061686051e+03 -1.98439786758776540e+03 1.48532784432264431e+00
1.07500000000000178e+01 4.29544014966509791e-01 2.98989857760189216e+03 2.99032812161685888e+03 -1.98439784324518314e+03 1.48532784432264453e+00
1.08000000000000185e+01 4.44797450820552387e-01 2.98988338690480123e+03 2.99032818435562194e+03 -1.98439781796802299e+03 1.48532784432264453e+00
1.08500000000000192e+01 4.59580713634101357e-01 2.98986847707475317e+03 2.99032805778838747e+03 -1.98439785780256011e+03 1.48532784432264475e+00
1.09000000000000199e+01 4.74692441580700120e-01 2.98985352012617341e+03 2.99032821256775424e+03 -1.98439781064617637e+03 1.48532784432264453e+00
1.09500000000000206e+01 4.89011856945697598e-01 2.98983917892571890e+03 2.99032819078266448e+03 -1.98439786439767659e+03 1.48532784432264431e+00
1.10000000000000213e+01 5.02559428798044161e-01 2.98982548446317105e+03 2.99032804389196917e+03 -1.98439789136569061e+03 1.48532784432264453e+00
1.10500000000000220e+01 5.16550231308126051e-01 2.98981160993002959e+03 2.99032816016133756e+03 -1.98439788698135703e+03 1.48532784432264431e+00
1.11000000000000227e+01 5.30232196295145952e-01 2.98979794718915628e+03 2.99032817938545122e+03 -1.98439784561517649e+03 1.48532784432264431e+00
1.11500000000000234e+01 5.43026397885011836e-01 2.98978521921247784e+03 2.99032824561036296e+03 -1.98439786664902431e+03 1.48532784432264475e+00
1.12000000000000242e+01 5.53895534794180189e-01 2.98977451124200843e+03 2.99032840677680269e+03 -1.98439782048617599e+03 1.48532784432264453e+00
1.12500000000000249e+01 5.61264848171754371e-01 2.98976715166339773e+03 2.99032841651156969e+03 -1.98439781278826831e+03 1.48532784432264409e+00
1.13000000000000256e+01 5.65180451040176890e-01 2.98976309046808456e+03 2.99032827091912486e+03 -1.98439788892421984e+03 1.48532784432264386e+00
1.13500000000000263e+01 5.67084248406171776e-01 2.98976109045977591e+03 2.99032817470818190e+03 -1.98439784153287246e+03 1.48532784432264431e+00
1.14000000000000270e+01 5.67946398399227115e-01 2.98976029944393758e+03 2.99032824584233686e+03 -1.98439783151588472e+03 1.48532784432264409e+00
1.14500000000000277e+01 5.67028904434224157e-01 2.98976131900644214e+03 2.99032834791087635e+03 -1.98439789424736909e+03 1.48532784432264386e+00
1.15000000000000284e+01 5.63445990660518703e-01 2.98976487374025146e+03 2.99032831973091197e+03 -1.98439790223100408e+03 1.48532784432264409e+00
1.15500000000000291e+01 5.57452189887473692e-01 2.98977077017509464e+03 2.99032822236498214e+03 -1.98439783940715392e+03 1.48532784432264386e+00
1.16000000000000298e+01 5.49912828157748668e-01 2.98977831626072566e+03 2.99032822908888329e+03 -1.98439783143532941e+03 1.48532784432264409e+00
1.16500000000000306e+01 5.40760822515794382e-01 2.98978756721061563e+03 2.99032832803313158e+03 -1.98439785102819906e+03 1.48532784432264453e+00
1.17000000000000313e+01 5.29165169598987406e-01 2.98979909700481403e+03 2.99032826217441288e+03 -1.98439781897616831e+03 1.48532784432264409e+00
1.17500000000000320e+01 5.15890203778180734e-01 2.98981221773957986e+03 2.99032810794335819e+03 -1.98439782400100694e+03 1.48532784432264386e+00
1.18000000000000327e+01 5.02371565332280445e-01 2.98982570561450393e+03 2.99032807717983633e+03 -1.98439780187105771e+03 1.48532784432264364e+00
1.18500000000000334e+01 4.89172716534314045e-01 2.98983895754932973e+03 2.99032813026586427e+03 -1.98439786917594392e+03 1.48532784432264431e+00
1.19000000000000341e+01 4.75728364825612482e-01 2.98985250210701633e+03 2.99032823047184183e+03 -1.98439782436726136e+03 1.48532784432264409e+00
1.19500000000000348e+01 4.61411487369874307e-01 2.98986668601718429e+03 2.99032809750455408e+03 -1.98439782616069283e+03 1.48532784432264386e+00
1.20000000000000355e+01 4.46856859440648513e-01 2.98988141340446509e+03 2.99032827026390578e+03 -1.98439783028934085e+03 1.48532784432264386e+00
1.20500000000000362e+01 4.31107058539264121e-01 2.98989698760180045e+03 2.99032809466033950e+03 -1.98439778157848377e+03 1.48532784432264386e+00
1.21000000000000369e+01 4.15751460494563296e-01 2.98991215463637900e+03 2.99032790609687345e+03 -1.98439779037883545e+03 1.48532784432264431e+00
1.21500000000000377e+01 4.02584671880951650e-01 2.98992544339295455e+03 2.99032802806483551e+03 -1.98439789447407657e+03 1.48532784432264409e+00
1.22000000000000384e+01 3.90914716327457945e-01 2.98993710320602077e+03 2.99032801792234841e+03 -1.98439784671289112e+03 1.48532784432264431e+00
1.22500000000000391e+01 3.80577804604020631e-01 2.98994746725285722e+03 2.99032804505746117e+03 -1.98439787528082752e+03 1.48532784432264342e+00
1.23000000000000398e+01 3.71396006303074178e-01 2.98995664511762516e+03 2.99032804112392841e+03 -1.98439781625997148e+03 1.48532784432264342e+00
1.23500000000000405e+01 3.63398739335088761e-01 2.98996464626932993e+03 2.99032804500866496e+03 -1.98439787014316107e+03 1.48532784432264386e+00
1.24000000000000412e+01 3.56534935871843817e-01 2.98997151278678757e+03 2.99032804772265945e+03 -1.98439783526932797e+03 1.48532784432264409e+00
1.24500000000000419e+01 3.51064659817468705e-01 2.98997689989392256e+03 2.99032796455374000e+03 -1.98439780582653475e+03 1.48532784432264386e+00
1.25000000000000426e+01 3.47638077267574896e-01 2.98998034781466549e+03 2.99032798589193317e+03 -1.98439777690818232e+03 1.48532784432264475e+00
1.25500000000000433e+01 3.46396461923143717e-01 2.98998152961240703e+03 2.99032792607433021e+03 -1.98439778473963725e+03 1.48532784432264431e+00
1.26000000000000441e+01 3.47615850086377742e-01 2.98998045234341771e+03 2.99032806819350390e+03 -1.98439779927635118e+03 1.48532784432264386e+00
1.26500000000000448e+01 3.49809513408064598e-01 2.98997834081386372e+03 2.99032815032727194e+03 -1.98439784239420578e+03 1.48532784432264386e+00
1.27000000000000455e+01 3.52282826586287956e-01 2.98997575621165333e+03 2.99032803903823969e+03 -1.98439783280875326e+03 1.48532784432264431e+00
1.27500000000000462e+01 3.55878458439723044e-01 2.98997223312868982e+03 2.99032811158712957e+03 -1.98439786061819586e+03 1.48532784432264453e+00
1.28000000000000469e+01 3.60371240759177036e-01 2.98996764308212460e+03 2.99032801432288397e+03 -1.98439789849080194e+03 1.48532784432264409e+00
1.28500000000000476e+01 3.66322255431536847e-01 2.98996171870660328e+03 2.99032804096203472e+03 -1.98439790273745189e+03 1.48532784432264386e+00
1.29000000000000483e+01 3.73465104050602015e-01 2.98995464776360586e+03 2.99032811286765627e+03 -1.98439784762900763e+03 1.48532784432264386e+00
1.29500000000000490e+01 3.81286597567325136e-01 2.98994679181537094e+03 2.99032807841293834e+03 -1.98439786008249621e+03 1.48532784432264386e+00
1.30000000000000497e+01 3.89999099116053349e-01 2.98993807643314312e+03 2.99032807553225939e+03 -1.98439783045711283e+03 1.48532784432264409e+00
1.30500000000000504e+01 3.99457005496010431e-01 2.98992867000358046e+03 2.99032812700907652e+03 -1.98439783822499203e+03 1.48532784432264364e+00
1.31000000000000512e+01 4.09185036274871461e-01 2.98991900795341826e+03 2.99032819298969298e+03 -1.98439786027987520e+03 1.48532784432264431e+00
1.31500000000000519e+01 4.18713587829996015e-01 2.98990936299692976e+03 2.99032807658475986e+03 -1.98439782827068530e+03 1.48532784432264431e+00
1.32000000000000526e+01 4.28736148508909676e-01 2.98989945113790554e+03 2.99032818728641450e+03 -1.98439782919042545e+03 1.48532784432264453e+00
1.32500000000000533e+01 4.38218123951253702e-01 2.98989007512717353e+03 2.99032829325112471e+03 -1.98439785339845707e+03 1.48532784432264475e+00
1.33000000000000540e+01 4.46135460587747223e-01 2.98988208871897768e+03 2.99032822417956550e+03 -1.98439790500608433e+03 1.48532784432264409e+00
1.33500000000000547e+01 4.52759294920977273e-01 2.98987559188540354e+03 2.99032835118032472e+03 -1.98439783528509929e+03 1.48532784432264364e+00
1.34000000000000554e+01 4.57006983191335869e-01 2.98987127091650518e+03 2.99032827789969633e+03 -1.98439783900049952e+03 1.48532784432264475e+00
1.34500000000000561e+01 4.59382503232568185e-01 2.98986877719748463e+03 2.99032815970071715e+03 -1.98439782215066248e+03 1.48532784432264431e+00
1.35000000000000568e+01 4.61250906676231198e-01 2.98986685979089316e+03 2.99032811069756917e+03 -1.98439779043108183e+03 1.48532784432264364e+00
1.35500000000000576e+01 4.62950085636040398e-01 2.98986524335447166e+03 2.99032819344010750e+03 -1.98439788402450336e+03 1.48532784432264386e+00
1.36000000000000583e+01 4.63895199060388841e-01 2.98986425852625234e+03 2.99032815372531286e+03 -1.98439783147380876e+03 1.48532784432264386e+00
1.36500000000000590e+01 4.64160748999893791e-01 2.98986414678998972e+03 2.99032830753898952e+03 -1.98439783192291134e+03 1.48532784432264431e+00
1.37000000000000597e+01 4.62685754803992988e-01 2.98986554133891877e+03 2.99032822709372294e+03 -1.98439782730493880e+03 1.48532784432264431e+00
1.37500000000000604e+01 4.60025776752217452e-01 2.98986805583824844e+03 2.99032808161500043e+03 -1.98439785721521594e+03 1.48532784432264409e+00
1.38000000000000611e+01 4.57465501516632012e-01 2.98987075160739914e+03 2.99032821710891585e+03 -1.98439779178994058e+03 1.48532784432264386e+00
1.38500000000000618e+01 4.53977987231334090e-01 2.98987424068463361e+03 2.99032821867186476e+03 -1.98439781202357153e+03 1.48532784432264475e+00
1.39000000000000625e+01 4.49259608439774805e-01 2.98987900490523862e+03 2.99032826451367828e+03 -1.98439792737184689e+03 1.48532784432264431e+00
1.39500000000000632e+01 4.43074948326487972e-01 2.98988515577727048e+03 2.99032823072559677e+03 -1.98439781634240285e+03 1.48532784432264431e+00
1.40000000000000639e+01 4.35632625904363247e-01 2.98989255304787275e+03 2.99032818567377717e+03 -1.98439786354517219e+03 1.48532784432264386e+00
1.40500000000000647e+01 4.27598095223273300e-01 2.98990051829832555e+03 2.99032811639354895e+03 -1.98439779179859602e+03 1.48532784432264386e+00
1.41000000000000654e+01 4.19684299512351477e-01 2.98990839879715077e+03 2.99032808309666325e+03 -1.98439783312894633e+03 1.48532784432264386e+00
1.41500000000000661e+01 4.12290629999321812e-01 2.98991584285054114e+03 2.99032813348054060e+03 -1.98439779448228319e+03 1.48532784432264386e+00
1.42000000000000668e+01 4.04890840954380549e-01 2.98992332380072503e+03 2.99032821464167955e+03 -1.98439785262569376e+03 1.48532784432264453e+00
1.42500000000000675e+01 3.96736568842909365e-01 2.98993136912863065e+03 2.99032810569747335e+03 -1.98439787213878958e+03 1.48532784432264386e+00
1.43000000000000682e+01 3.88541970362050404e-01 2.98993956078164956e+03 2.99032810275201155e+03 -1.98439783492377501e+03 1.48532784432264475e+00
1.43500000000000689e+01 3.80988229278457102e-01 2.98994698078537840e+03 2.99032796901465690e+03 -1.98439788660201930e+03 1.48532784432264431e+00
1.44000000000000696e+01 3.75061784329629444e-01 2.98995299381369250e+03 2.99032805559802227e+03 -1.98439779430288445e+03 1.48532784432264409e+00
1.44500000000000703e+01 3.70216820469596697e-01 2.98995786860946146e+03 2.99032808542993098e+03 -1.98439783516812804e+03 1.48532784432264431e+00
1.45000000000000711e+01 3.65976037093382722e-01 2.98996215252411093e+03 2.99032812856120427e+03 -1.98439785544073357e+03 1.48532784432264342e+00
1.45500000000000718e+01 3.61897721649402093e-01 2.98996621950479494e+03 2.99032811722644419e+03 -1.98439788224552035e+03 1.48532784432264431e+00
1.46000000000000725e+01 3.58337742199567655e-01 2.98996967436530031e+03 2.99032801210749994e+03 -1.98439786515773449e+03 1.48532784432264386e+00
1.46500000000000732e+01 3.55910829788635197e-01 2.98997222788254385e+03 2.99032813871233247e+03 -1.98439776472466042e+03 1.48532784432264386e+00
1.47000000000000739e+01 3.53609041621986586e-01 2.98997453131391057e+03 2.99032814035553247e+03 -1.98439779454979043e+03 1.48532784432264342e+00
1.47500000000000746e+01 3.51328539435730614e-01 2.98997683341947186e+03 2.99032816195890746e+03 -1.98439773731614559e+03 1.48532784432264364e+00
1.48000000000000753e+01 3.49240091865718139e-01 2.98997881774444340e+03 2.99032805783630920e+03 -1.98439789611149695e+03 1.48532784432264386e+00
1.48500000000000760e+01 3.48256275025983997e-01 2.98997976796036983e+03 2.99032802423539579e+03 -1.98439791481950124e+03 1.48532784432264364e+00
1.49000000000000767e+01 3.48562339457533066e-01 2.98997953244839346e+03 2.99032809478785111e+03 -1.98439785356419384e+03 1.48532784432264364e+00
1.49500000000000774e+01 3.49723747835725240e-01 2.98997826040601785e+03 2.99032798415385378e+03 -1.98439781218403664e+03 1.48532784432264409e+00
1.50000000000000782e+01 3.52468809827683138e-01 2.98997568331424191e+03 2.99032815212406967e+03 -1.98439786131712026e+03 1.48532784432264431e+00
1.50500000000000789e+01 3.55313306452938182e-01 2.98997291908685338e+03 2.99032823239330628e+03 -1.98439778592270318e+03 1.48532784432264453e+00
1.51000000000000796e+01 3.57392356271885037e-01 2.98997068767626160e+03 2.99032808003253331e+03 -1.98439789935498607e+03 1.48532784432264475e+00
1.51500000000000803e+01 3.60141786170465439e-01 2.98996793208005965e+03 2.99032807386623017e+03 -1.98439784722942568e+03 1.48532784432264386e+00
1.52000000000000810e+01 3.63721631628301290e-01 2.98996430304481783e+03 2.99032802467644615e+03 -1.98439784259332191e+03 1.48532784432264409e+00
1.52500000000000817e+01 3.68576805133393637e-01 2.98995953573931502e+03 2.99032811254444823e+03 -1.98439787037589485e+03 1.48532784432264386e+00
1.53000000000000824e+01 3.73877012589059088e-01 2.98995437883165960e+03 2.99032825584424882e+03 -1.98439787759753199e+03 1.48532784432264364e+00
1.53500000000000831e+01 3.78268154242717536e-01 2.98994984154046870e+03 2.99032810969471120e+03 -1.98439787197362125e+03 1.48532784432264364e+00
1.54000000000000838e+01 3.82709050961269837e-01 2.98994537981517988e+03 2.99032808886614112e+03 -1.98439790827516958e+03 1.48532784432264386e+00
1.54500000000000846e+01 3.87444515751756646e-01 2.98994076773357483e+03 2.99032821224932650e+03 -1.98439781781196211e+03 1.48532784432264342e+00
1.55000000000000853e+01 3.91517167705418112e-01 2.98993670482257676e+03 2.99032822199028215e+03 -1.98439778596090446e+03 1.48532784432264475e+00
1.55500000000000860e+01 3.94648743694915316e-01 2.98993356408736781e+03 2.99032821283106250e+03 -1.98439785903236543e+03 1.48532784432264364e+00
1.56000000000000867e+01 3.96985562238233114e-01 2.98993123721089614e+03 2.99032822277313426e+03 -1.98439783733862214e+03 1.48532784432264342e+00
1.56500000000000874e+01 3.98285218184616152e-01 2.98992995919224177e+03 2.99032824441042658e+03 -1.98439784881131800e+03 1.48532784432264320e+00
1.57000000000000881e+01 3.98639851583543869e-01 2.98992946479353623e+03 2.99032810464511977e+03 -1.98439785145977589e+03 1.48532784432264342e+00
1.57500000000000888e+01 3.99388149460529251e-01 2.98992863501377542e+03 2.99032802316323614e+03 -1.98439784100126462e+03 1.48532784432264342e+00
1.58000000000000895e+01 4.01148458531526864e-01 2.98992703672074231e+03 2.99032818517927399e+03 -1.98439785306413864e+03 1.48532784432264342e+00
1.58500000000000902e+01 4.02579268537794299e-01 2.98992564604082372e+03 2.99032822530936164e+03 -1.98439783286234911e+03 1.48532784432264386e+00
1.59000000000000909e+01 4.03148306180679927e-01 2.98992494830906162e+03 2.99032809661524243e+03 -1.98439784321626075e+03 1.48532784432264431e+00
1.59500000000000917e+01 4.04039306976678947e-01 2.98992405150212653e+03 2.99032809080910329e+03 -1.98439783841717758e+03 1.48532784432264386e+00
1.60000000000000924e+01 4.05389403889011513e-01 2.98992283633149918e+03 2.99032822573538806e+03 -1.98439777895775933e+03 1.48532784432264386e+00
1.60500000000000931e+01 4.05814545690845629e-01 2.98992251160296792e+03 2.99032832614865856e+03 -1.98439782081070484e+03 1.48532784432264342e+00
1.61000000000000938e+01 4.04442149538347673e-01 2.98992376287788102e+03 2.99032820502741924e+03 -1.98439786685674153e+03 1.48532784432264298e+00
1.61500000000000945e+01 4.02075087197364511e-01 2.98992611475519607e+03 2.99032818984239339e+03 -1.98439787642119472e+03 1.48532784432264320e+00
1.62000000000000952e+01 3.99430262152186244e-01 2.98992863931902002e+03 2.99032806958117226e+03 -1.98439789296352319e+03 1.48532784432264364e+00
1.62500000000000959e+01 3.97286121443135964e-01 2.98993091077508961e+03 2.99032819689653297e+03 -1.98439790139199476e+03 1.48532784432264342e+00
1.63000000000000966e+01 3.94379076306393406e-01 2.98993390167469215e+03 2.99032828075099860e+03 -1.98439784687432848e+03 1.48532784432264386e+00
1.63500000000000973e+01 3.90092398453205258e-01 2.98993801886425263e+03 2.99032811126270599e+03 -1.98439784505622424e+03 1.48532784432264364e+00
1.64000000000000981e+01 3.85712338318074943e-01 2.98994245324440453e+03 2.99032816558272270e+03 -1.98439784679592481e+03 1.48532784432264386e+00
1.64500000000000988e+01 3.81388757810472101e-01 2.98994663580177257e+03 2.99032802455958290e+03 -1.98439787161204572e+03 1.48532784432264342e+00
1.65000000000000995e+01 3.78075646990032654e-01 2.98995003255695292e+03 2.99032810820394297e+03 -1.98439784155569896e+03 1.48532784432264342e+00
1.65500000000001002e+01 3.75084178072002283e-01 2.98995315760821768e+03 2.99032824178628971e+03 -1.98439780600952417e+03 1.48532784432264342e+00
1.66000000000001009e+01 3.71327922912157493e-01 2.98995673841384541e+03 2.99032806633675773e+03 -1.98439790989203402e+03 1.48532784432264386e+00
1.66500000000001016e+01 3.68033091314540983e-01 2.98996011250879565e+03 2.99032814560011002e+03 -1.98439782953012354e+03 1.48532784432264409e+00
1.67000000000001023e+01 3.64841765916680771e-01 2.98996336420463876e+03 2.99032820597055525e+03 -1.98439780358657390e+03 1.48532784432264364e+00
1.67500000000001030e+01 3.61122584816038206e-01 2.98996696913166079e+03 2.99032809171647705e+03 -1.98439780770865718e+03 1.48532784432264320e+00
1.68000000000001037e+01 3.58174340680030845e-01 2.98996978699499459e+03 2.99032796133567444e+03 -1.98439785792267230e+03 1.48532784432264364e+00
1.68500000000001044e+01 3.56979688591974542e-01 2.98997111497408468e+03 2.99032809466267645e+03 -1.98439787852477821e+03 1.48532784432264342e+00
1.69000000000001052e+01 3.56814255540139513e-01 2.98997121035779719e+03 2.99032802461333722e+03 -1.98439782067949022e+03 1.48532784432264253e+00
1.69500000000001059e+01 3.57638192922970444e-01 2.98997055678243987e+03 2.99032819497536275e+03 -1.98439784167800235e+03 1.48532784432264298e+00
1.70000000000001066e+01 3.58097008557499319e-01 2.98997005885132603e+03 2.99032815585988374e+03 -1.98439782400398803e+03 1.48532784432264342e+00
1.70500000000001073e+01 3.58226384313018564e-01 2.98996990839847376e+03 2.99032813478278695e+03 -1.98439788396012364e+03 1.48532784432264231e+00
1.71000000000001080e+01 3.58381913460469437e-01 2.98996980418513112e+03 2.99032818609859169e+03 -1.98439787490608433e+03 1.48532784432264298e+00
1.71500000000001087e+01 3.58222646208590179e-01 2.98996987921054551e+03 2.99032810185675407e+03 -1.98439781930577192e+03 1.48532784432264298e+00
1.72000000000001094e+01 3.58180886519236075e-01 2.98996999317873906e+03 2.99032817406525828e+03 -1.98439786942205865e+03 1.48532784432264298e+00
1.72500000000001101e+01 3.57758108108115536e-01 2.98997040122626049e+03 2.99032815933436859e+03 -1.98439784007869002e+03 1.48532784432264209e+00
1.73000000000001108e+01 3.57124539469695912e-01 2.98997094477969358e+03 2.99032806931916321e+03 -1.98439778943213696e+03 1.48532784432264275e+00
1.73500000000001116e+01 3.56926318970115397e-01 2.98997127899795123e+03 2.99032820531692141e+03 -1.98439788159548471e+03 1.48532784432264275e+00
1.74000000000001123e+01 3.56279797418629807e-01 2.98997184242229650e+03 2.99032812221971517e+03 -1.98439787079174380e+03 1.48532784432264253e+00
1.74500000000001130e+01 3.55713082307347106e-01 2.98997230654382156e+03 2.99032801962612893e+03 -1.98439782226673378e+03 1.48532784432264342e+00
1.75000000000001137e+01 3.56335042233991262e-01 2.98997167755656574e+03 2.99032801259879989e+03 -1.98439784060588045e+03 1.48532784432264320e+00
1.75500000000001144e+01 3.58175029001191914e-01 2.98997003734321515e+03 2.99032821237221651e+03 -1.98439783557901228e+03 1.48532784432264298e+00
1.76000000000001151e+01 3.59565147322834899e-01 2.98996859041881726e+03 2.99032815556614014e+03 -1.98439785168024446e+03 1.48532784432264298e+00
1.76500000000001158e+01 3.60581394152613532e-01 2.98996755964057365e+03 2.99032814103472629e+03 -1.98439783341558996e+03 1.48532784432264298e+00
1.77000000000001165e+01 3.61996676745963086e-01 2.98996591422873644e+03 2.99032791090548244e+03 -1.98439780922641648e+03 1.48532784432264298e+00
1.77500000000001172e+01 3.65371784809727596e-01 2.98996276563678657e+03 2.99032813742159624e+03 -1.98439784830992130e+03 1.48532784432264298e+00
1.78000000000001180e+01 3.68839963800520865e-01 2.98995947891753121e+03 2.99032831888133160e+03 -1.98439783115013370e+03 1.48532784432264253e+00
1.78500000000001187e+01 3.70418459798970923e-01 2.98995785015131787e+03 2.99032826861111698e+03 -1.98439780843726180e+03 1.48532784432264275e+00
1.79000000000001194e+01 3.70639018297987621e-01 2.98995750747948568e+03 2.99032814649778356e+03 -1.98439788625426945e+03 1.48532784432264209e+00
1.79500000000001201e+01 3.70347183751345566e-01 2.98995789608266978e+03 2.99032824326642094e+03 -1.98439786021884925e+03 1.48532784432264209e+00
1.80000000000001208e+01 3.69077745787862954e-01 2.98995904638478532e+03 2.99032812413057309e+03 -1.98439782748136417e+03 1.48532784432264209e+00
1.80500000000001215e+01 3.67915644407695197e-01 2.98996010292839856e+03 2.99032801857280629e+03 -1.98439783585677151e+03 1.48532784432264209e+00
1.81000000000001222e+01 3.67772647071586745e-01 2.98996039229934195e+03 2.99032816494641338e+03 -1.98439780462223007e+03 1.48532784432264275e+00
1.81500000000001229e+01 3.67489095053627812e-01 2.98996064197664055e+03 2.99032813107169432e+03 -1.98439787218018864e+03 1.48532784432264209e+00
1.82000000000001236e+01 3.67243746679025818e-01 2.98996083747421653e+03 2.99032808122089546e+03 -1.98439781732799952e+03 1.48532784432264164e+00
1.82500000000001243e+01 3.67430328142891449e-01 2.98996075895905688e+03 2.99032818928719962e+03 -1.98439784036385254e+03 1.48532784432264231e+00
1.83000000000001251e+01 3.67071821748378269e-01 2.98996110931736303e+03 2.99032818113911162e+03 -1.98439787301414935e+03 1.48532784432264253e+00
1.83500000000001258e+01 3.65991291591610313e-01 2.98996217997945450e+03 2.99032817127104590e+03 -1.98439784638472793e+03 1.48532784432264209e+00
1.84000000000001265e+01 3.64585009380831548e-01 2.98996348574443118e+03 2.99032807075381197e+03 -1.98439784201441967e+03 1.48532784432264253e+00
1.84500000000001272e+01 3.63817475198438045e-01 2.98996431885638049e+03 2.99032813633157912e+03 -1.98439786772030925e+03 1.48532784432264253e+00
1.85000000000001279e+01 3.63010945508954186e-01 2.98996520030023066e+03 2.99032821124573957e+03 -1.98439783703686817e+03 1.48532784432264187e+00
1.85500000000001286e+01 3.61413305965604059e-01 2.98996673276858473e+03 2.99032814607455020e+03 -1.98439784556022823e+03 1.48532784432264209e+00
1.86000000000001293e+01 3.59779888469786313e-01 2.98996826771973247e+03 2.99032804760820227e+03 -1.98439788775844090e+03 1.48532784432264187e+00
1.86500000000001300e+01 3.58917886218731885e-01 2.98996921912192647e+03 2.99032813700814540e+03 -1.98439786639431600e+03 1.48532784432264231e+00
1.87000000000001307e+01 3.58052133045578536e-01 2.98997018445588628e+03 2.99032823658893176e+03 -1.98439783940947291e+03 1.48532784432264253e+00
1.87500000000001315e+01 3.56259090238674692e-01 2.98997190182666009e+03 2.99032816091689892e+03 -1.98439783446878550e+03 1.48532784432264209e+00
1.88000000000001322e+01 3.54223146035266334e-01 2.98997385101004693e+03 2.99032807415608204e+03 -1.98439786089182235e+03 1.48532784432264253e+00
1.88500000000001329e+01 3.52885657213453663e-01 2.98997516778420686e+03 2.99032805344142025e+03 -1.98439782099429567e+03 1.48532784432264298e+00
1.89000000000001336e+01 3.52257135641035724e-01 2.98997589161070346e+03 2.99032814874634460e+03 -1.98439783353559551e+03 1.48532784432264253e+00
1.89500000000001343e+01 3.51616349684164997e-01 2.98997653294383963e+03 2.99032814929352389e+03 -1.98439783345296610e+03 1.48532784432264275e+00
1.90000000000001350e+01 3.50863148674049830e-01 2.98997725083742262e+03 2.99032811398609647e+03 -1.98439780466662432e+03 1.48532784432264253e+00
1.90500000000001357e+01 3.50421188178889675e-01 2.98997766030472258e+03 2.99032808149290167e+03 -1.98439790004183169e+03 1.48532784432264253e+00
1.91000000000001364e+01 3.50571595663691393e-01 2.98997763662977832e+03 2.99032820822544181e+03 -1.98439779367362962e+03 1.48532784432264253e+00
1.91500000000001371e+01 3.50175129238686433e-01 2.98997802009809675e+03 2.99032819522733553e+03 -1.98439784354551830e+03 1.48532784432264298e+00
1.92000000000001378e+01 3.48956106366354379e-01 2.98997917473790358e+03 2.99032813084426971e+03 -1.98439785797368791e+03 1.48532784432264298e+00
